step,mean_reward,std_reward
15,13.822284,21.970131
30,-13.164326500000001,2.3094025
